{
  "Get aws/sts" : {
    "transaction" : "Get aws/sts",
    "sampleCount" : 2400,
    "errorCount" : 0,
    "errorPct" : 0.0,
    "meanResTime" : 249.63124999999968,
    "medianResTime" : 228.0,
    "minResTime" : 180.0,
    "maxResTime" : 6628.0,
    "pct1ResTime" : 273.0,
    "pct2ResTime" : 333.0,
    "pct3ResTime" : 666.9599999999991,
    "throughput" : 5.247209140638323,
    "receivedKBytesPerSec" : 5.8211226403956395,
    "sentKBytesPerSec" : 2.049691070561845
  },
  "Get Phos" : {
    "transaction" : "Get Phos",
    "sampleCount" : 2400,
    "errorCount" : 0,
    "errorPct" : 0.0,
    "meanResTime" : 594.9254166666675,
    "medianResTime" : 552.0,
    "minResTime" : 464.0,
    "maxResTime" : 1597.0,
    "pct1ResTime" : 741.0,
    "pct2ResTime" : 819.9499999999998,
    "pct3ResTime" : 1055.8799999999974,
    "throughput" : 5.242555571089054,
    "receivedKBytesPerSec" : 33.85646483555851,
    "sentKBytesPerSec" : 2.549602221096044
  },
  "Total" : {
    "transaction" : "Total",
    "sampleCount" : 9600,
    "errorCount" : 0,
    "errorPct" : 0.0,
    "meanResTime" : 361.57083333333304,
    "medianResTime" : 351.0,
    "minResTime" : 138.0,
    "maxResTime" : 9816.0,
    "pct1ResTime" : 585.0,
    "pct2ResTime" : 669.0,
    "pct3ResTime" : 913.0,
    "throughput" : 20.86362362022989,
    "receivedKBytesPerSec" : 46.230041010060184,
    "sentKBytesPerSec" : 9.601545538118494
  },
  "Get Covid Exposure site" : {
    "transaction" : "Get Covid Exposure site",
    "sampleCount" : 2400,
    "errorCount" : 0,
    "errorPct" : 0.0,
    "meanResTime" : 180.49583333333374,
    "medianResTime" : 160.0,
    "minResTime" : 138.0,
    "maxResTime" : 7484.0,
    "pct1ResTime" : 198.0,
    "pct2ResTime" : 240.94999999999982,
    "pct3ResTime" : 543.9299999999985,
    "throughput" : 5.246589716684155,
    "receivedKBytesPerSec" : 5.425916513641133,
    "sentKBytesPerSec" : 2.643789349422875
  },
  "Login  Request" : {
    "transaction" : "Login  Request",
    "sampleCount" : 2400,
    "errorCount" : 0,
    "errorPct" : 0.0,
    "meanResTime" : 421.23083333333335,
    "medianResTime" : 389.0,
    "minResTime" : 320.0,
    "maxResTime" : 9816.0,
    "pct1ResTime" : 452.0,
    "pct2ResTime" : 497.9499999999998,
    "pct3ResTime" : 952.7399999999943,
    "throughput" : 5.2262304506317205,
    "receivedKBytesPerSec" : 1.3678025007512706,
    "sentKBytesPerSec" : 2.403861857663614
  }
}